model_name,recall_score,f1_score,balanced_accuracy_score,roc_auc_score,average_precision_score
voting_classifier_v1,0.9776422764227642,0.9866666666666667,0.9888176209857698,0.9888176209857696,0.9736326908850321
