model_name,recall_score,f1_score,balanced_accuracy_score,roc_auc_score,average_precision_score
voting_classifier_v1,0.9491869918699187,0.9668737060041408,0.9745811856453158,0.9745811856453158,0.9352572411955116
